Type,SKU,Name,Published,Is featured?,Visibility in catalog,Short description,Description,In stock?,Stock,Regular price,Sale price,Categories,Tags,Images,Parent,Attribute 1 name,Attribute 1 value(s),Attribute 1 visible,Attribute 1 global,Attribute 2 name,Attribute 2 value(s),Attribute 2 visible,Attribute 2 global,Attribute 3 name,Attribute 3 value(s),Attribute 3 visible,Attribute 3 global
variable,AXD-MEN-OVR-BLK,AXDORO 240 GSM Oversized Heavyweight Tee - Jet Black,1,1,visible,AXDORO 240 GSM Oversized Heavyweight Tee - Jet Black. Crafted from premium 240 GSM combed cotton with structured masculine drape.,"<p>AXDORO 240 GSM Oversized Heavyweight Tee - Jet Black. Crafted from premium 240 GSM combed cotton with structured masculine drape.</p><p>Crafted from substantial 240 GSM heavyweight cotton. Engineered with relaxed masculine drop-shoulder silhouette, reinforced ribbed collar, and durable double-needle stitching.</p><ul><li>Fabric: 240 GSM Cotton</li><li>Fit: Men's Relaxed Streetwear</li><li>Care: Machine wash cold, dry flat in shade</li></ul>",1,,1299,999,"Men's T-Shirts, Oversized Tees","menswear, men's t-shirts, 240 gsm, oversized, heavyweight, jet black",https://images.unsplash.com/photo-1618517351616-38fb9c5210c6?auto=format&fit=crop&w=800&q=80,,Size,"XS, S, M, L, XL, XXL",1,1,Color,Jet Black,1,1,Fabric,240 GSM Cotton,1,1
variation,AXD-MEN-OVR-BLK-XS,AXDORO 240 GSM Oversized Heavyweight Tee - Jet Black - XS,1,0,visible,,,1,25,1299,999,,,,AXD-MEN-OVR-BLK,Size,XS,0,1,Color,Jet Black,0,1,Fabric,240 GSM Cotton,0,1
variation,AXD-MEN-OVR-BLK-S,AXDORO 240 GSM Oversized Heavyweight Tee - Jet Black - S,1,0,visible,,,1,25,1299,999,,,,AXD-MEN-OVR-BLK,Size,S,0,1,Color,Jet Black,0,1,Fabric,240 GSM Cotton,0,1
variation,AXD-MEN-OVR-BLK-M,AXDORO 240 GSM Oversized Heavyweight Tee - Jet Black - M,1,0,visible,,,1,25,1299,999,,,,AXD-MEN-OVR-BLK,Size,M,0,1,Color,Jet Black,0,1,Fabric,240 GSM Cotton,0,1
variation,AXD-MEN-OVR-BLK-L,AXDORO 240 GSM Oversized Heavyweight Tee - Jet Black - L,1,0,visible,,,1,25,1299,999,,,,AXD-MEN-OVR-BLK,Size,L,0,1,Color,Jet Black,0,1,Fabric,240 GSM Cotton,0,1
variation,AXD-MEN-OVR-BLK-XL,AXDORO 240 GSM Oversized Heavyweight Tee - Jet Black - XL,1,0,visible,,,1,25,1299,999,,,,AXD-MEN-OVR-BLK,Size,XL,0,1,Color,Jet Black,0,1,Fabric,240 GSM Cotton,0,1
variation,AXD-MEN-OVR-BLK-XXL,AXDORO 240 GSM Oversized Heavyweight Tee - Jet Black - XXL,1,0,visible,,,1,25,1299,999,,,,AXD-MEN-OVR-BLK,Size,XXL,0,1,Color,Jet Black,0,1,Fabric,240 GSM Cotton,0,1
variable,AXD-MEN-OVR-WHT,AXDORO 240 GSM Oversized Heavyweight Tee - Vintage Off-White,1,1,visible,AXDORO 240 GSM Oversized Heavyweight Tee - Vintage Off-White. Crafted from premium 240 GSM combed cotton with structured masculine drape.,"<p>AXDORO 240 GSM Oversized Heavyweight Tee - Vintage Off-White. Crafted from premium 240 GSM combed cotton with structured masculine drape.</p><p>Crafted from substantial 240 GSM heavyweight cotton. Engineered with relaxed masculine drop-shoulder silhouette, reinforced ribbed collar, and durable double-needle stitching.</p><ul><li>Fabric: 240 GSM Cotton</li><li>Fit: Men's Relaxed Streetwear</li><li>Care: Machine wash cold, dry flat in shade</li></ul>",1,,1299,999,"Men's T-Shirts, Oversized Tees","menswear, men's t-shirts, 240 gsm, oversized, heavyweight, vintage off-white",https://images.unsplash.com/photo-1620799139834-6b8f844fbe61?auto=format&fit=crop&w=800&q=80,,Size,"XS, S, M, L, XL, XXL",1,1,Color,Vintage Off-White,1,1,Fabric,240 GSM Cotton,1,1
variation,AXD-MEN-OVR-WHT-XS,AXDORO 240 GSM Oversized Heavyweight Tee - Vintage Off-White - XS,1,0,visible,,,1,25,1299,999,,,,AXD-MEN-OVR-WHT,Size,XS,0,1,Color,Vintage Off-White,0,1,Fabric,240 GSM Cotton,0,1
variation,AXD-MEN-OVR-WHT-S,AXDORO 240 GSM Oversized Heavyweight Tee - Vintage Off-White - S,1,0,visible,,,1,25,1299,999,,,,AXD-MEN-OVR-WHT,Size,S,0,1,Color,Vintage Off-White,0,1,Fabric,240 GSM Cotton,0,1
variation,AXD-MEN-OVR-WHT-M,AXDORO 240 GSM Oversized Heavyweight Tee - Vintage Off-White - M,1,0,visible,,,1,25,1299,999,,,,AXD-MEN-OVR-WHT,Size,M,0,1,Color,Vintage Off-White,0,1,Fabric,240 GSM Cotton,0,1
variation,AXD-MEN-OVR-WHT-L,AXDORO 240 GSM Oversized Heavyweight Tee - Vintage Off-White - L,1,0,visible,,,1,25,1299,999,,,,AXD-MEN-OVR-WHT,Size,L,0,1,Color,Vintage Off-White,0,1,Fabric,240 GSM Cotton,0,1
variation,AXD-MEN-OVR-WHT-XL,AXDORO 240 GSM Oversized Heavyweight Tee - Vintage Off-White - XL,1,0,visible,,,1,25,1299,999,,,,AXD-MEN-OVR-WHT,Size,XL,0,1,Color,Vintage Off-White,0,1,Fabric,240 GSM Cotton,0,1
variation,AXD-MEN-OVR-WHT-XXL,AXDORO 240 GSM Oversized Heavyweight Tee - Vintage Off-White - XXL,1,0,visible,,,1,25,1299,999,,,,AXD-MEN-OVR-WHT,Size,XXL,0,1,Color,Vintage Off-White,0,1,Fabric,240 GSM Cotton,0,1
variable,AXD-MEN-RLX-OLV,AXDORO 240 GSM Relaxed Boxy Crewneck Tee - Sage Olive,1,1,visible,AXDORO 240 GSM Relaxed Boxy Crewneck Tee - Sage Olive. Crafted from premium 240 GSM combed cotton with structured masculine drape.,"<p>AXDORO 240 GSM Relaxed Boxy Crewneck Tee - Sage Olive. Crafted from premium 240 GSM combed cotton with structured masculine drape.</p><p>Crafted from substantial 240 GSM heavyweight cotton. Engineered with relaxed masculine drop-shoulder silhouette, reinforced ribbed collar, and durable double-needle stitching.</p><ul><li>Fabric: 240 GSM Cotton</li><li>Fit: Men's Relaxed Streetwear</li><li>Care: Machine wash cold, dry flat in shade</li></ul>",1,,1199,899,"Men's T-Shirts, Boxy Half Sleeve","menswear, men's t-shirts, 240 gsm, oversized, heavyweight, sage olive",https://images.unsplash.com/photo-1618354691373-d851c5c3a990?auto=format&fit=crop&w=800&q=80,,Size,"S, M, L, XL, XXL",1,1,Color,Sage Olive,1,1,Fabric,240 GSM Cotton,1,1
variation,AXD-MEN-RLX-OLV-S,AXDORO 240 GSM Relaxed Boxy Crewneck Tee - Sage Olive - S,1,0,visible,,,1,25,1199,899,,,,AXD-MEN-RLX-OLV,Size,S,0,1,Color,Sage Olive,0,1,Fabric,240 GSM Cotton,0,1
variation,AXD-MEN-RLX-OLV-M,AXDORO 240 GSM Relaxed Boxy Crewneck Tee - Sage Olive - M,1,0,visible,,,1,25,1199,899,,,,AXD-MEN-RLX-OLV,Size,M,0,1,Color,Sage Olive,0,1,Fabric,240 GSM Cotton,0,1
variation,AXD-MEN-RLX-OLV-L,AXDORO 240 GSM Relaxed Boxy Crewneck Tee - Sage Olive - L,1,0,visible,,,1,25,1199,899,,,,AXD-MEN-RLX-OLV,Size,L,0,1,Color,Sage Olive,0,1,Fabric,240 GSM Cotton,0,1
variation,AXD-MEN-RLX-OLV-XL,AXDORO 240 GSM Relaxed Boxy Crewneck Tee - Sage Olive - XL,1,0,visible,,,1,25,1199,899,,,,AXD-MEN-RLX-OLV,Size,XL,0,1,Color,Sage Olive,0,1,Fabric,240 GSM Cotton,0,1
variation,AXD-MEN-RLX-OLV-XXL,AXDORO 240 GSM Relaxed Boxy Crewneck Tee - Sage Olive - XXL,1,0,visible,,,1,25,1199,899,,,,AXD-MEN-RLX-OLV,Size,XXL,0,1,Color,Sage Olive,0,1,Fabric,240 GSM Cotton,0,1
variable,AXD-MEN-ACD-CHR,AXDORO 240 GSM Acid Wash Mineral Street Tee - Charcoal Grey,1,0,visible,AXDORO 240 GSM Acid Wash Mineral Street Tee - Charcoal Grey. Crafted from premium 240 GSM combed cotton with structured masculine drape.,"<p>AXDORO 240 GSM Acid Wash Mineral Street Tee - Charcoal Grey. Crafted from premium 240 GSM combed cotton with structured masculine drape.</p><p>Crafted from substantial 240 GSM heavyweight cotton. Engineered with relaxed masculine drop-shoulder silhouette, reinforced ribbed collar, and durable double-needle stitching.</p><ul><li>Fabric: 240 GSM Cotton</li><li>Fit: Men's Relaxed Streetwear</li><li>Care: Machine wash cold, dry flat in shade</li></ul>",0,,1399,1099,"Men's T-Shirts, Acid & Vintage Wash","menswear, men's t-shirts, 240 gsm, oversized, heavyweight, charcoal grey",/images/men_acid_wash_tee.jpg,,Size,"S, M, L, XL, XXL",1,1,Color,Charcoal Grey,1,1,Fabric,240 GSM Cotton,1,1
variation,AXD-MEN-ACD-CHR-S,AXDORO 240 GSM Acid Wash Mineral Street Tee - Charcoal Grey - S,1,0,visible,,,0,0,1399,1099,,,,AXD-MEN-ACD-CHR,Size,S,0,1,Color,Charcoal Grey,0,1,Fabric,240 GSM Cotton,0,1
variation,AXD-MEN-ACD-CHR-M,AXDORO 240 GSM Acid Wash Mineral Street Tee - Charcoal Grey - M,1,0,visible,,,0,0,1399,1099,,,,AXD-MEN-ACD-CHR,Size,M,0,1,Color,Charcoal Grey,0,1,Fabric,240 GSM Cotton,0,1
variation,AXD-MEN-ACD-CHR-L,AXDORO 240 GSM Acid Wash Mineral Street Tee - Charcoal Grey - L,1,0,visible,,,0,0,1399,1099,,,,AXD-MEN-ACD-CHR,Size,L,0,1,Color,Charcoal Grey,0,1,Fabric,240 GSM Cotton,0,1
variation,AXD-MEN-ACD-CHR-XL,AXDORO 240 GSM Acid Wash Mineral Street Tee - Charcoal Grey - XL,1,0,visible,,,0,0,1399,1099,,,,AXD-MEN-ACD-CHR,Size,XL,0,1,Color,Charcoal Grey,0,1,Fabric,240 GSM Cotton,0,1
variation,AXD-MEN-ACD-CHR-XXL,AXDORO 240 GSM Acid Wash Mineral Street Tee - Charcoal Grey - XXL,1,0,visible,,,0,0,1399,1099,,,,AXD-MEN-ACD-CHR,Size,XXL,0,1,Color,Charcoal Grey,0,1,Fabric,240 GSM Cotton,0,1
variable,AXD-MEN-HLF-BRN,AXDORO Heavy Half Sleeve Minimalist Tee - Mocha Brown,1,1,visible,AXDORO Heavy Half Sleeve Minimalist Tee - Mocha Brown. Crafted from premium 240 GSM combed cotton with structured masculine drape.,"<p>AXDORO Heavy Half Sleeve Minimalist Tee - Mocha Brown. Crafted from premium 240 GSM combed cotton with structured masculine drape.</p><p>Crafted from substantial 240 GSM heavyweight cotton. Engineered with relaxed masculine drop-shoulder silhouette, reinforced ribbed collar, and durable double-needle stitching.</p><ul><li>Fabric: 240 GSM Cotton</li><li>Fit: Men's Relaxed Streetwear</li><li>Care: Machine wash cold, dry flat in shade</li></ul>",1,,1199,899,"Men's T-Shirts, Boxy Half Sleeve","menswear, men's t-shirts, 240 gsm, oversized, heavyweight, mocha brown",https://images.unsplash.com/photo-1576566588028-4147f3842f27?auto=format&fit=crop&w=800&q=80,,Size,"XS, S, M, L, XL",1,1,Color,Mocha Brown,1,1,Fabric,240 GSM Cotton,1,1
variation,AXD-MEN-HLF-BRN-XS,AXDORO Heavy Half Sleeve Minimalist Tee - Mocha Brown - XS,1,0,visible,,,1,25,1199,899,,,,AXD-MEN-HLF-BRN,Size,XS,0,1,Color,Mocha Brown,0,1,Fabric,240 GSM Cotton,0,1
variation,AXD-MEN-HLF-BRN-S,AXDORO Heavy Half Sleeve Minimalist Tee - Mocha Brown - S,1,0,visible,,,1,25,1199,899,,,,AXD-MEN-HLF-BRN,Size,S,0,1,Color,Mocha Brown,0,1,Fabric,240 GSM Cotton,0,1
variation,AXD-MEN-HLF-BRN-M,AXDORO Heavy Half Sleeve Minimalist Tee - Mocha Brown - M,1,0,visible,,,1,25,1199,899,,,,AXD-MEN-HLF-BRN,Size,M,0,1,Color,Mocha Brown,0,1,Fabric,240 GSM Cotton,0,1
variation,AXD-MEN-HLF-BRN-L,AXDORO Heavy Half Sleeve Minimalist Tee - Mocha Brown - L,1,0,visible,,,1,25,1199,899,,,,AXD-MEN-HLF-BRN,Size,L,0,1,Color,Mocha Brown,0,1,Fabric,240 GSM Cotton,0,1
variation,AXD-MEN-HLF-BRN-XL,AXDORO Heavy Half Sleeve Minimalist Tee - Mocha Brown - XL,1,0,visible,,,1,25,1199,899,,,,AXD-MEN-HLF-BRN,Size,XL,0,1,Color,Mocha Brown,0,1,Fabric,240 GSM Cotton,0,1
variable,AXD-MEN-OVR-BLU,AXDORO 240 GSM Heavyweight Street Tee - Cobalt Blue,1,0,visible,AXDORO 240 GSM Heavyweight Street Tee - Cobalt Blue. Crafted from premium 240 GSM combed cotton with structured masculine drape.,"<p>AXDORO 240 GSM Heavyweight Street Tee - Cobalt Blue. Crafted from premium 240 GSM combed cotton with structured masculine drape.</p><p>Crafted from substantial 240 GSM heavyweight cotton. Engineered with relaxed masculine drop-shoulder silhouette, reinforced ribbed collar, and durable double-needle stitching.</p><ul><li>Fabric: 240 GSM Cotton</li><li>Fit: Men's Relaxed Streetwear</li><li>Care: Machine wash cold, dry flat in shade</li></ul>",1,,1299,999,"Men's T-Shirts, Oversized Tees","menswear, men's t-shirts, 240 gsm, oversized, heavyweight, cobalt blue",/images/men_cobalt_tee.jpg,,Size,"S, M, L, XL, XXL",1,1,Color,Cobalt Blue,1,1,Fabric,240 GSM Cotton,1,1
variation,AXD-MEN-OVR-BLU-S,AXDORO 240 GSM Heavyweight Street Tee - Cobalt Blue - S,1,0,visible,,,1,25,1299,999,,,,AXD-MEN-OVR-BLU,Size,S,0,1,Color,Cobalt Blue,0,1,Fabric,240 GSM Cotton,0,1
variation,AXD-MEN-OVR-BLU-M,AXDORO 240 GSM Heavyweight Street Tee - Cobalt Blue - M,1,0,visible,,,1,25,1299,999,,,,AXD-MEN-OVR-BLU,Size,M,0,1,Color,Cobalt Blue,0,1,Fabric,240 GSM Cotton,0,1
variation,AXD-MEN-OVR-BLU-L,AXDORO 240 GSM Heavyweight Street Tee - Cobalt Blue - L,1,0,visible,,,1,25,1299,999,,,,AXD-MEN-OVR-BLU,Size,L,0,1,Color,Cobalt Blue,0,1,Fabric,240 GSM Cotton,0,1
variation,AXD-MEN-OVR-BLU-XL,AXDORO 240 GSM Heavyweight Street Tee - Cobalt Blue - XL,1,0,visible,,,1,25,1299,999,,,,AXD-MEN-OVR-BLU,Size,XL,0,1,Color,Cobalt Blue,0,1,Fabric,240 GSM Cotton,0,1
variation,AXD-MEN-OVR-BLU-XXL,AXDORO 240 GSM Heavyweight Street Tee - Cobalt Blue - XXL,1,0,visible,,,1,25,1299,999,,,,AXD-MEN-OVR-BLU,Size,XXL,0,1,Color,Cobalt Blue,0,1,Fabric,240 GSM Cotton,0,1
variable,AXD-MEN-DRP-SND,AXDORO Drop-Shoulder Boxy Tee - Desert Sand,1,1,visible,AXDORO Drop-Shoulder Boxy Tee - Desert Sand. Crafted from premium 240 GSM combed cotton with structured masculine drape.,"<p>AXDORO Drop-Shoulder Boxy Tee - Desert Sand. Crafted from premium 240 GSM combed cotton with structured masculine drape.</p><p>Crafted from substantial 240 GSM heavyweight cotton. Engineered with relaxed masculine drop-shoulder silhouette, reinforced ribbed collar, and durable double-needle stitching.</p><ul><li>Fabric: 240 GSM Cotton</li><li>Fit: Men's Relaxed Streetwear</li><li>Care: Machine wash cold, dry flat in shade</li></ul>",1,,1199,899,"Men's T-Shirts, Boxy Half Sleeve","menswear, men's t-shirts, 240 gsm, oversized, heavyweight, vintage off-white",/images/men_sand_tee.jpg,,Size,"M, L, XL, XXL",1,1,Color,Vintage Off-White,1,1,Fabric,240 GSM Cotton,1,1
variation,AXD-MEN-DRP-SND-M,AXDORO Drop-Shoulder Boxy Tee - Desert Sand - M,1,0,visible,,,1,25,1199,899,,,,AXD-MEN-DRP-SND,Size,M,0,1,Color,Vintage Off-White,0,1,Fabric,240 GSM Cotton,0,1
variation,AXD-MEN-DRP-SND-L,AXDORO Drop-Shoulder Boxy Tee - Desert Sand - L,1,0,visible,,,1,25,1199,899,,,,AXD-MEN-DRP-SND,Size,L,0,1,Color,Vintage Off-White,0,1,Fabric,240 GSM Cotton,0,1
variation,AXD-MEN-DRP-SND-XL,AXDORO Drop-Shoulder Boxy Tee - Desert Sand - XL,1,0,visible,,,1,25,1199,899,,,,AXD-MEN-DRP-SND,Size,XL,0,1,Color,Vintage Off-White,0,1,Fabric,240 GSM Cotton,0,1
variation,AXD-MEN-DRP-SND-XXL,AXDORO Drop-Shoulder Boxy Tee - Desert Sand - XXL,1,0,visible,,,1,25,1199,899,,,,AXD-MEN-DRP-SND,Size,XXL,0,1,Color,Vintage Off-White,0,1,Fabric,240 GSM Cotton,0,1
variable,AXD-MEN-GRP-NOC,AXDORO Nocturnal Graphic Back-Print Tee - Deep Black,1,1,visible,AXDORO Nocturnal Graphic Back-Print Tee - Deep Black. Crafted from premium 240 GSM combed cotton with structured masculine drape.,"<p>AXDORO Nocturnal Graphic Back-Print Tee - Deep Black. Crafted from premium 240 GSM combed cotton with structured masculine drape.</p><p>Crafted from substantial 240 GSM heavyweight cotton. Engineered with relaxed masculine drop-shoulder silhouette, reinforced ribbed collar, and durable double-needle stitching.</p><ul><li>Fabric: 240 GSM Cotton</li><li>Fit: Men's Relaxed Streetwear</li><li>Care: Machine wash cold, dry flat in shade</li></ul>",0,,1499,1199,"Men's T-Shirts, Graphic & Back-Print","menswear, men's t-shirts, 240 gsm, oversized, heavyweight, jet black",/images/men_backprint_tee.jpg,,Size,"S, M, L, XL, XXL",1,1,Color,Jet Black,1,1,Fabric,240 GSM Cotton,1,1
variation,AXD-MEN-GRP-NOC-S,AXDORO Nocturnal Graphic Back-Print Tee - Deep Black - S,1,0,visible,,,0,0,1499,1199,,,,AXD-MEN-GRP-NOC,Size,S,0,1,Color,Jet Black,0,1,Fabric,240 GSM Cotton,0,1
variation,AXD-MEN-GRP-NOC-M,AXDORO Nocturnal Graphic Back-Print Tee - Deep Black - M,1,0,visible,,,0,0,1499,1199,,,,AXD-MEN-GRP-NOC,Size,M,0,1,Color,Jet Black,0,1,Fabric,240 GSM Cotton,0,1
variation,AXD-MEN-GRP-NOC-L,AXDORO Nocturnal Graphic Back-Print Tee - Deep Black - L,1,0,visible,,,0,0,1499,1199,,,,AXD-MEN-GRP-NOC,Size,L,0,1,Color,Jet Black,0,1,Fabric,240 GSM Cotton,0,1
variation,AXD-MEN-GRP-NOC-XL,AXDORO Nocturnal Graphic Back-Print Tee - Deep Black - XL,1,0,visible,,,0,0,1499,1199,,,,AXD-MEN-GRP-NOC,Size,XL,0,1,Color,Jet Black,0,1,Fabric,240 GSM Cotton,0,1
variation,AXD-MEN-GRP-NOC-XXL,AXDORO Nocturnal Graphic Back-Print Tee - Deep Black - XXL,1,0,visible,,,0,0,1499,1199,,,,AXD-MEN-GRP-NOC,Size,XXL,0,1,Color,Jet Black,0,1,Fabric,240 GSM Cotton,0,1
variable,AXD-MEN-GRP-BRT,AXDORO Brutalist Typography Heavy Tee - Bone White,1,0,visible,AXDORO Brutalist Typography Heavy Tee - Bone White. Crafted from premium 240 GSM combed cotton with structured masculine drape.,"<p>AXDORO Brutalist Typography Heavy Tee - Bone White. Crafted from premium 240 GSM combed cotton with structured masculine drape.</p><p>Crafted from substantial 240 GSM heavyweight cotton. Engineered with relaxed masculine drop-shoulder silhouette, reinforced ribbed collar, and durable double-needle stitching.</p><ul><li>Fabric: 240 GSM Cotton</li><li>Fit: Men's Relaxed Streetwear</li><li>Care: Machine wash cold, dry flat in shade</li></ul>",1,,1399,1099,"Men's T-Shirts, Graphic & Back-Print","menswear, men's t-shirts, 240 gsm, oversized, heavyweight, vintage off-white",https://images.unsplash.com/photo-1527719327859-c6ce80353573?auto=format&fit=crop&w=800&q=80,,Size,"S, M, L, XL, XXL",1,1,Color,Vintage Off-White,1,1,Fabric,240 GSM Cotton,1,1
variation,AXD-MEN-GRP-BRT-S,AXDORO Brutalist Typography Heavy Tee - Bone White - S,1,0,visible,,,1,25,1399,1099,,,,AXD-MEN-GRP-BRT,Size,S,0,1,Color,Vintage Off-White,0,1,Fabric,240 GSM Cotton,0,1
variation,AXD-MEN-GRP-BRT-M,AXDORO Brutalist Typography Heavy Tee - Bone White - M,1,0,visible,,,1,25,1399,1099,,,,AXD-MEN-GRP-BRT,Size,M,0,1,Color,Vintage Off-White,0,1,Fabric,240 GSM Cotton,0,1
variation,AXD-MEN-GRP-BRT-L,AXDORO Brutalist Typography Heavy Tee - Bone White - L,1,0,visible,,,1,25,1399,1099,,,,AXD-MEN-GRP-BRT,Size,L,0,1,Color,Vintage Off-White,0,1,Fabric,240 GSM Cotton,0,1
variation,AXD-MEN-GRP-BRT-XL,AXDORO Brutalist Typography Heavy Tee - Bone White - XL,1,0,visible,,,1,25,1399,1099,,,,AXD-MEN-GRP-BRT,Size,XL,0,1,Color,Vintage Off-White,0,1,Fabric,240 GSM Cotton,0,1
variation,AXD-MEN-GRP-BRT-XXL,AXDORO Brutalist Typography Heavy Tee - Bone White - XXL,1,0,visible,,,1,25,1399,1099,,,,AXD-MEN-GRP-BRT,Size,XXL,0,1,Color,Vintage Off-White,0,1,Fabric,240 GSM Cotton,0,1
variable,AXD-MEN-DRP-TER,AXDORO Raw Edge Drop-Shoulder Heavy Tee - Terracotta,1,0,visible,AXDORO Raw Edge Drop-Shoulder Heavy Tee - Terracotta. Crafted from premium 240 GSM combed cotton with structured masculine drape.,"<p>AXDORO Raw Edge Drop-Shoulder Heavy Tee - Terracotta. Crafted from premium 240 GSM combed cotton with structured masculine drape.</p><p>Crafted from substantial 240 GSM heavyweight cotton. Engineered with relaxed masculine drop-shoulder silhouette, reinforced ribbed collar, and durable double-needle stitching.</p><ul><li>Fabric: 240 GSM Cotton</li><li>Fit: Men's Relaxed Streetwear</li><li>Care: Machine wash cold, dry flat in shade</li></ul>",1,,1249,949,"Men's T-Shirts, Boxy Half Sleeve","menswear, men's t-shirts, 240 gsm, oversized, heavyweight, terracotta",/images/men_terracotta_tee.jpg,,Size,"S, M, L, XL",1,1,Color,Terracotta,1,1,Fabric,240 GSM Cotton,1,1
variation,AXD-MEN-DRP-TER-S,AXDORO Raw Edge Drop-Shoulder Heavy Tee - Terracotta - S,1,0,visible,,,1,25,1249,949,,,,AXD-MEN-DRP-TER,Size,S,0,1,Color,Terracotta,0,1,Fabric,240 GSM Cotton,0,1
variation,AXD-MEN-DRP-TER-M,AXDORO Raw Edge Drop-Shoulder Heavy Tee - Terracotta - M,1,0,visible,,,1,25,1249,949,,,,AXD-MEN-DRP-TER,Size,M,0,1,Color,Terracotta,0,1,Fabric,240 GSM Cotton,0,1
variation,AXD-MEN-DRP-TER-L,AXDORO Raw Edge Drop-Shoulder Heavy Tee - Terracotta - L,1,0,visible,,,1,25,1249,949,,,,AXD-MEN-DRP-TER,Size,L,0,1,Color,Terracotta,0,1,Fabric,240 GSM Cotton,0,1
variation,AXD-MEN-DRP-TER-XL,AXDORO Raw Edge Drop-Shoulder Heavy Tee - Terracotta - XL,1,0,visible,,,1,25,1249,949,,,,AXD-MEN-DRP-TER,Size,XL,0,1,Color,Terracotta,0,1,Fabric,240 GSM Cotton,0,1
variable,AXD-MEN-PCK-GRY,AXDORO 240 GSM Heavy Chest-Pocket Crewneck Tee - Stone Grey,1,1,visible,AXDORO 240 GSM Heavy Chest-Pocket Crewneck Tee - Stone Grey. Crafted from premium 240 GSM combed cotton with structured masculine drape.,"<p>AXDORO 240 GSM Heavy Chest-Pocket Crewneck Tee - Stone Grey. Crafted from premium 240 GSM combed cotton with structured masculine drape.</p><p>Crafted from substantial 240 GSM heavyweight cotton. Engineered with relaxed masculine drop-shoulder silhouette, reinforced ribbed collar, and durable double-needle stitching.</p><ul><li>Fabric: 240 GSM Cotton</li><li>Fit: Men's Relaxed Streetwear</li><li>Care: Machine wash cold, dry flat in shade</li></ul>",1,,1249,949,"Men's T-Shirts, Heavy Plain & Pocket","menswear, men's t-shirts, 240 gsm, oversized, heavyweight, charcoal grey",/images/men_pocket_tee.jpg,,Size,"S, M, L, XL, XXL",1,1,Color,Charcoal Grey,1,1,Fabric,240 GSM Cotton,1,1
variation,AXD-MEN-PCK-GRY-S,AXDORO 240 GSM Heavy Chest-Pocket Crewneck Tee - Stone Grey - S,1,0,visible,,,1,25,1249,949,,,,AXD-MEN-PCK-GRY,Size,S,0,1,Color,Charcoal Grey,0,1,Fabric,240 GSM Cotton,0,1
variation,AXD-MEN-PCK-GRY-M,AXDORO 240 GSM Heavy Chest-Pocket Crewneck Tee - Stone Grey - M,1,0,visible,,,1,25,1249,949,,,,AXD-MEN-PCK-GRY,Size,M,0,1,Color,Charcoal Grey,0,1,Fabric,240 GSM Cotton,0,1
variation,AXD-MEN-PCK-GRY-L,AXDORO 240 GSM Heavy Chest-Pocket Crewneck Tee - Stone Grey - L,1,0,visible,,,1,25,1249,949,,,,AXD-MEN-PCK-GRY,Size,L,0,1,Color,Charcoal Grey,0,1,Fabric,240 GSM Cotton,0,1
variation,AXD-MEN-PCK-GRY-XL,AXDORO 240 GSM Heavy Chest-Pocket Crewneck Tee - Stone Grey - XL,1,0,visible,,,1,25,1249,949,,,,AXD-MEN-PCK-GRY,Size,XL,0,1,Color,Charcoal Grey,0,1,Fabric,240 GSM Cotton,0,1
variation,AXD-MEN-PCK-GRY-XXL,AXDORO 240 GSM Heavy Chest-Pocket Crewneck Tee - Stone Grey - XXL,1,0,visible,,,1,25,1249,949,,,,AXD-MEN-PCK-GRY,Size,XXL,0,1,Color,Charcoal Grey,0,1,Fabric,240 GSM Cotton,0,1
variable,AXD-MEN-PCK-GRN,AXDORO Heavyweight Chest-Pocket Street Tee - Forest Green,1,0,visible,AXDORO Heavyweight Chest-Pocket Street Tee - Forest Green. Crafted from premium 240 GSM combed cotton with structured masculine drape.,"<p>AXDORO Heavyweight Chest-Pocket Street Tee - Forest Green. Crafted from premium 240 GSM combed cotton with structured masculine drape.</p><p>Crafted from substantial 240 GSM heavyweight cotton. Engineered with relaxed masculine drop-shoulder silhouette, reinforced ribbed collar, and durable double-needle stitching.</p><ul><li>Fabric: 240 GSM Cotton</li><li>Fit: Men's Relaxed Streetwear</li><li>Care: Machine wash cold, dry flat in shade</li></ul>",1,,1249,949,"Men's T-Shirts, Heavy Plain & Pocket","menswear, men's t-shirts, 240 gsm, oversized, heavyweight, forest green",https://images.unsplash.com/photo-1539571696357-5a69c17a67c6?auto=format&fit=crop&w=800&q=80,,Size,"XS, S, M, L, XL, XXL",1,1,Color,Forest Green,1,1,Fabric,240 GSM Cotton,1,1
variation,AXD-MEN-PCK-GRN-XS,AXDORO Heavyweight Chest-Pocket Street Tee - Forest Green - XS,1,0,visible,,,1,25,1249,949,,,,AXD-MEN-PCK-GRN,Size,XS,0,1,Color,Forest Green,0,1,Fabric,240 GSM Cotton,0,1
variation,AXD-MEN-PCK-GRN-S,AXDORO Heavyweight Chest-Pocket Street Tee - Forest Green - S,1,0,visible,,,1,25,1249,949,,,,AXD-MEN-PCK-GRN,Size,S,0,1,Color,Forest Green,0,1,Fabric,240 GSM Cotton,0,1
variation,AXD-MEN-PCK-GRN-M,AXDORO Heavyweight Chest-Pocket Street Tee - Forest Green - M,1,0,visible,,,1,25,1249,949,,,,AXD-MEN-PCK-GRN,Size,M,0,1,Color,Forest Green,0,1,Fabric,240 GSM Cotton,0,1
variation,AXD-MEN-PCK-GRN-L,AXDORO Heavyweight Chest-Pocket Street Tee - Forest Green - L,1,0,visible,,,1,25,1249,949,,,,AXD-MEN-PCK-GRN,Size,L,0,1,Color,Forest Green,0,1,Fabric,240 GSM Cotton,0,1
variation,AXD-MEN-PCK-GRN-XL,AXDORO Heavyweight Chest-Pocket Street Tee - Forest Green - XL,1,0,visible,,,1,25,1249,949,,,,AXD-MEN-PCK-GRN,Size,XL,0,1,Color,Forest Green,0,1,Fabric,240 GSM Cotton,0,1
variation,AXD-MEN-PCK-GRN-XXL,AXDORO Heavyweight Chest-Pocket Street Tee - Forest Green - XXL,1,0,visible,,,1,25,1249,949,,,,AXD-MEN-PCK-GRN,Size,XXL,0,1,Color,Forest Green,0,1,Fabric,240 GSM Cotton,0,1
variable,AXD-MEN-ACD-RED,AXDORO Acid Wash Mineral Sun-Fade Street Tee - Rust Red,1,0,visible,AXDORO Acid Wash Mineral Sun-Fade Street Tee - Rust Red. Crafted from premium 240 GSM combed cotton with structured masculine drape.,"<p>AXDORO Acid Wash Mineral Sun-Fade Street Tee - Rust Red. Crafted from premium 240 GSM combed cotton with structured masculine drape.</p><p>Crafted from substantial 240 GSM heavyweight cotton. Engineered with relaxed masculine drop-shoulder silhouette, reinforced ribbed collar, and durable double-needle stitching.</p><ul><li>Fabric: 240 GSM Cotton</li><li>Fit: Men's Relaxed Streetwear</li><li>Care: Machine wash cold, dry flat in shade</li></ul>",1,,1399,1099,"Men's T-Shirts, Acid & Vintage Wash","menswear, men's t-shirts, 240 gsm, oversized, heavyweight, terracotta",/images/men_burgundy_tee.jpg,,Size,"M, L, XL, XXL",1,1,Color,Terracotta,1,1,Fabric,240 GSM Cotton,1,1
variation,AXD-MEN-ACD-RED-M,AXDORO Acid Wash Mineral Sun-Fade Street Tee - Rust Red - M,1,0,visible,,,1,25,1399,1099,,,,AXD-MEN-ACD-RED,Size,M,0,1,Color,Terracotta,0,1,Fabric,240 GSM Cotton,0,1
variation,AXD-MEN-ACD-RED-L,AXDORO Acid Wash Mineral Sun-Fade Street Tee - Rust Red - L,1,0,visible,,,1,25,1399,1099,,,,AXD-MEN-ACD-RED,Size,L,0,1,Color,Terracotta,0,1,Fabric,240 GSM Cotton,0,1
variation,AXD-MEN-ACD-RED-XL,AXDORO Acid Wash Mineral Sun-Fade Street Tee - Rust Red - XL,1,0,visible,,,1,25,1399,1099,,,,AXD-MEN-ACD-RED,Size,XL,0,1,Color,Terracotta,0,1,Fabric,240 GSM Cotton,0,1
variation,AXD-MEN-ACD-RED-XXL,AXDORO Acid Wash Mineral Sun-Fade Street Tee - Rust Red - XXL,1,0,visible,,,1,25,1399,1099,,,,AXD-MEN-ACD-RED,Size,XXL,0,1,Color,Terracotta,0,1,Fabric,240 GSM Cotton,0,1
variable,AXD-MEN-MCK-BLK,AXDORO 240 GSM Mock-Neck Heavy Street Tee - Jet Black,1,1,visible,AXDORO 240 GSM Mock-Neck Heavy Street Tee - Jet Black. Crafted from premium 240 GSM combed cotton with structured masculine drape.,"<p>AXDORO 240 GSM Mock-Neck Heavy Street Tee - Jet Black. Crafted from premium 240 GSM combed cotton with structured masculine drape.</p><p>Crafted from substantial 240 GSM heavyweight cotton. Engineered with relaxed masculine drop-shoulder silhouette, reinforced ribbed collar, and durable double-needle stitching.</p><ul><li>Fabric: 240 GSM Cotton</li><li>Fit: Men's Relaxed Streetwear</li><li>Care: Machine wash cold, dry flat in shade</li></ul>",1,,1299,999,"Men's T-Shirts, Heavy Plain & Pocket","menswear, men's t-shirts, 240 gsm, oversized, heavyweight, jet black",https://images.unsplash.com/photo-1583743814966-8936f5b7be1a?auto=format&fit=crop&w=800&q=80,,Size,"S, M, L, XL, XXL",1,1,Color,Jet Black,1,1,Fabric,240 GSM Cotton,1,1
variation,AXD-MEN-MCK-BLK-S,AXDORO 240 GSM Mock-Neck Heavy Street Tee - Jet Black - S,1,0,visible,,,1,25,1299,999,,,,AXD-MEN-MCK-BLK,Size,S,0,1,Color,Jet Black,0,1,Fabric,240 GSM Cotton,0,1
variation,AXD-MEN-MCK-BLK-M,AXDORO 240 GSM Mock-Neck Heavy Street Tee - Jet Black - M,1,0,visible,,,1,25,1299,999,,,,AXD-MEN-MCK-BLK,Size,M,0,1,Color,Jet Black,0,1,Fabric,240 GSM Cotton,0,1
variation,AXD-MEN-MCK-BLK-L,AXDORO 240 GSM Mock-Neck Heavy Street Tee - Jet Black - L,1,0,visible,,,1,25,1299,999,,,,AXD-MEN-MCK-BLK,Size,L,0,1,Color,Jet Black,0,1,Fabric,240 GSM Cotton,0,1
variation,AXD-MEN-MCK-BLK-XL,AXDORO 240 GSM Mock-Neck Heavy Street Tee - Jet Black - XL,1,0,visible,,,1,25,1299,999,,,,AXD-MEN-MCK-BLK,Size,XL,0,1,Color,Jet Black,0,1,Fabric,240 GSM Cotton,0,1
variation,AXD-MEN-MCK-BLK-XXL,AXDORO 240 GSM Mock-Neck Heavy Street Tee - Jet Black - XXL,1,0,visible,,,1,25,1299,999,,,,AXD-MEN-MCK-BLK,Size,XXL,0,1,Color,Jet Black,0,1,Fabric,240 GSM Cotton,0,1
variable,AXD-MEN-GRP-TKY,AXDORO Tokyo Drift Cyber Graphic Oversized Tee - Washed Grey,1,1,visible,AXDORO Tokyo Drift Cyber Graphic Oversized Tee - Washed Grey. Crafted from premium 240 GSM combed cotton with structured masculine drape.,"<p>AXDORO Tokyo Drift Cyber Graphic Oversized Tee - Washed Grey. Crafted from premium 240 GSM combed cotton with structured masculine drape.</p><p>Crafted from substantial 240 GSM heavyweight cotton. Engineered with relaxed masculine drop-shoulder silhouette, reinforced ribbed collar, and durable double-needle stitching.</p><ul><li>Fabric: 240 GSM Cotton</li><li>Fit: Men's Relaxed Streetwear</li><li>Care: Machine wash cold, dry flat in shade</li></ul>",1,,1499,1199,"Men's T-Shirts, Graphic & Back-Print","menswear, men's t-shirts, 240 gsm, oversized, heavyweight, charcoal grey",https://images.unsplash.com/photo-1529374255404-311a2a4f1fd9?auto=format&fit=crop&w=800&q=80,,Size,"S, M, L, XL, XXL",1,1,Color,Charcoal Grey,1,1,Fabric,240 GSM Cotton,1,1
variation,AXD-MEN-GRP-TKY-S,AXDORO Tokyo Drift Cyber Graphic Oversized Tee - Washed Grey - S,1,0,visible,,,1,25,1499,1199,,,,AXD-MEN-GRP-TKY,Size,S,0,1,Color,Charcoal Grey,0,1,Fabric,240 GSM Cotton,0,1
variation,AXD-MEN-GRP-TKY-M,AXDORO Tokyo Drift Cyber Graphic Oversized Tee - Washed Grey - M,1,0,visible,,,1,25,1499,1199,,,,AXD-MEN-GRP-TKY,Size,M,0,1,Color,Charcoal Grey,0,1,Fabric,240 GSM Cotton,0,1
variation,AXD-MEN-GRP-TKY-L,AXDORO Tokyo Drift Cyber Graphic Oversized Tee - Washed Grey - L,1,0,visible,,,1,25,1499,1199,,,,AXD-MEN-GRP-TKY,Size,L,0,1,Color,Charcoal Grey,0,1,Fabric,240 GSM Cotton,0,1
variation,AXD-MEN-GRP-TKY-XL,AXDORO Tokyo Drift Cyber Graphic Oversized Tee - Washed Grey - XL,1,0,visible,,,1,25,1499,1199,,,,AXD-MEN-GRP-TKY,Size,XL,0,1,Color,Charcoal Grey,0,1,Fabric,240 GSM Cotton,0,1
variation,AXD-MEN-GRP-TKY-XXL,AXDORO Tokyo Drift Cyber Graphic Oversized Tee - Washed Grey - XXL,1,0,visible,,,1,25,1499,1199,,,,AXD-MEN-GRP-TKY,Size,XXL,0,1,Color,Charcoal Grey,0,1,Fabric,240 GSM Cotton,0,1
variable,AXD-MEN-DRP-BUR,AXDORO 240 GSM Boxy Drop Tee - Deep Burgundy,1,0,visible,AXDORO 240 GSM Boxy Drop Tee - Deep Burgundy. Crafted from premium 240 GSM combed cotton with structured masculine drape.,"<p>AXDORO 240 GSM Boxy Drop Tee - Deep Burgundy. Crafted from premium 240 GSM combed cotton with structured masculine drape.</p><p>Crafted from substantial 240 GSM heavyweight cotton. Engineered with relaxed masculine drop-shoulder silhouette, reinforced ribbed collar, and durable double-needle stitching.</p><ul><li>Fabric: 240 GSM Cotton</li><li>Fit: Men's Relaxed Streetwear</li><li>Care: Machine wash cold, dry flat in shade</li></ul>",1,,1299,999,"Men's T-Shirts, Oversized Tees","menswear, men's t-shirts, 240 gsm, oversized, heavyweight, terracotta",/images/men_burgundy_tee.jpg,,Size,"S, M, L, XL",1,1,Color,Terracotta,1,1,Fabric,240 GSM Cotton,1,1
variation,AXD-MEN-DRP-BUR-S,AXDORO 240 GSM Boxy Drop Tee - Deep Burgundy - S,1,0,visible,,,1,25,1299,999,,,,AXD-MEN-DRP-BUR,Size,S,0,1,Color,Terracotta,0,1,Fabric,240 GSM Cotton,0,1
variation,AXD-MEN-DRP-BUR-M,AXDORO 240 GSM Boxy Drop Tee - Deep Burgundy - M,1,0,visible,,,1,25,1299,999,,,,AXD-MEN-DRP-BUR,Size,M,0,1,Color,Terracotta,0,1,Fabric,240 GSM Cotton,0,1
variation,AXD-MEN-DRP-BUR-L,AXDORO 240 GSM Boxy Drop Tee - Deep Burgundy - L,1,0,visible,,,1,25,1299,999,,,,AXD-MEN-DRP-BUR,Size,L,0,1,Color,Terracotta,0,1,Fabric,240 GSM Cotton,0,1
variation,AXD-MEN-DRP-BUR-XL,AXDORO 240 GSM Boxy Drop Tee - Deep Burgundy - XL,1,0,visible,,,1,25,1299,999,,,,AXD-MEN-DRP-BUR,Size,XL,0,1,Color,Terracotta,0,1,Fabric,240 GSM Cotton,0,1
variable,AXD-MEN-MSL-BLK,AXDORO Boxy Wide-Sleeve Raw Cut Street Tee - Jet Black,1,0,visible,AXDORO Boxy Wide-Sleeve Raw Cut Street Tee - Jet Black. Crafted from premium 240 GSM combed cotton with structured masculine drape.,"<p>AXDORO Boxy Wide-Sleeve Raw Cut Street Tee - Jet Black. Crafted from premium 240 GSM combed cotton with structured masculine drape.</p><p>Crafted from substantial 240 GSM heavyweight cotton. Engineered with relaxed masculine drop-shoulder silhouette, reinforced ribbed collar, and durable double-needle stitching.</p><ul><li>Fabric: 240 GSM Cotton</li><li>Fit: Men's Relaxed Streetwear</li><li>Care: Machine wash cold, dry flat in shade</li></ul>",1,,1199,899,"Men's T-Shirts, Boxy Half Sleeve","menswear, men's t-shirts, 240 gsm, oversized, heavyweight, jet black",https://images.unsplash.com/photo-1503341504253-dff4815485f1?auto=format&fit=crop&w=800&q=80,,Size,"S, M, L, XL, XXL",1,1,Color,Jet Black,1,1,Fabric,240 GSM Cotton,1,1
variation,AXD-MEN-MSL-BLK-S,AXDORO Boxy Wide-Sleeve Raw Cut Street Tee - Jet Black - S,1,0,visible,,,1,25,1199,899,,,,AXD-MEN-MSL-BLK,Size,S,0,1,Color,Jet Black,0,1,Fabric,240 GSM Cotton,0,1
variation,AXD-MEN-MSL-BLK-M,AXDORO Boxy Wide-Sleeve Raw Cut Street Tee - Jet Black - M,1,0,visible,,,1,25,1199,899,,,,AXD-MEN-MSL-BLK,Size,M,0,1,Color,Jet Black,0,1,Fabric,240 GSM Cotton,0,1
variation,AXD-MEN-MSL-BLK-L,AXDORO Boxy Wide-Sleeve Raw Cut Street Tee - Jet Black - L,1,0,visible,,,1,25,1199,899,,,,AXD-MEN-MSL-BLK,Size,L,0,1,Color,Jet Black,0,1,Fabric,240 GSM Cotton,0,1
variation,AXD-MEN-MSL-BLK-XL,AXDORO Boxy Wide-Sleeve Raw Cut Street Tee - Jet Black - XL,1,0,visible,,,1,25,1199,899,,,,AXD-MEN-MSL-BLK,Size,XL,0,1,Color,Jet Black,0,1,Fabric,240 GSM Cotton,0,1
variation,AXD-MEN-MSL-BLK-XXL,AXDORO Boxy Wide-Sleeve Raw Cut Street Tee - Jet Black - XXL,1,0,visible,,,1,25,1199,899,,,,AXD-MEN-MSL-BLK,Size,XXL,0,1,Color,Jet Black,0,1,Fabric,240 GSM Cotton,0,1
variable,AXD-MEN-NVY-HVY,AXDORO 240 GSM Heavyweight Core Crewneck Tee - Deep Navy,1,0,visible,AXDORO 240 GSM Heavyweight Core Crewneck Tee - Deep Navy. Crafted from premium 240 GSM combed cotton with structured masculine drape.,"<p>AXDORO 240 GSM Heavyweight Core Crewneck Tee - Deep Navy. Crafted from premium 240 GSM combed cotton with structured masculine drape.</p><p>Crafted from substantial 240 GSM heavyweight cotton. Engineered with relaxed masculine drop-shoulder silhouette, reinforced ribbed collar, and durable double-needle stitching.</p><ul><li>Fabric: 240 GSM Cotton</li><li>Fit: Men's Relaxed Streetwear</li><li>Care: Machine wash cold, dry flat in shade</li></ul>",0,,1249,949,"Men's T-Shirts, Heavy Plain & Pocket","menswear, men's t-shirts, 240 gsm, oversized, heavyweight, cobalt blue",/images/men_navy_tee.jpg,,Size,"S, M, L, XL",1,1,Color,Cobalt Blue,1,1,Fabric,240 GSM Cotton,1,1
variation,AXD-MEN-NVY-HVY-S,AXDORO 240 GSM Heavyweight Core Crewneck Tee - Deep Navy - S,1,0,visible,,,0,0,1249,949,,,,AXD-MEN-NVY-HVY,Size,S,0,1,Color,Cobalt Blue,0,1,Fabric,240 GSM Cotton,0,1
variation,AXD-MEN-NVY-HVY-M,AXDORO 240 GSM Heavyweight Core Crewneck Tee - Deep Navy - M,1,0,visible,,,0,0,1249,949,,,,AXD-MEN-NVY-HVY,Size,M,0,1,Color,Cobalt Blue,0,1,Fabric,240 GSM Cotton,0,1
variation,AXD-MEN-NVY-HVY-L,AXDORO 240 GSM Heavyweight Core Crewneck Tee - Deep Navy - L,1,0,visible,,,0,0,1249,949,,,,AXD-MEN-NVY-HVY,Size,L,0,1,Color,Cobalt Blue,0,1,Fabric,240 GSM Cotton,0,1
variation,AXD-MEN-NVY-HVY-XL,AXDORO 240 GSM Heavyweight Core Crewneck Tee - Deep Navy - XL,1,0,visible,,,0,0,1249,949,,,,AXD-MEN-NVY-HVY,Size,XL,0,1,Color,Cobalt Blue,0,1,Fabric,240 GSM Cotton,0,1
variable,AXD-MEN-GRP-ABS,AXDORO Abstract Geometry Heavy Street Tee - Off-White,1,0,visible,AXDORO Abstract Geometry Heavy Street Tee - Off-White. Crafted from premium 240 GSM combed cotton with structured masculine drape.,"<p>AXDORO Abstract Geometry Heavy Street Tee - Off-White. Crafted from premium 240 GSM combed cotton with structured masculine drape.</p><p>Crafted from substantial 240 GSM heavyweight cotton. Engineered with relaxed masculine drop-shoulder silhouette, reinforced ribbed collar, and durable double-needle stitching.</p><ul><li>Fabric: 240 GSM Cotton</li><li>Fit: Men's Relaxed Streetwear</li><li>Care: Machine wash cold, dry flat in shade</li></ul>",1,,1399,1099,"Men's T-Shirts, Graphic & Back-Print","menswear, men's t-shirts, 240 gsm, oversized, heavyweight, vintage off-white",https://images.unsplash.com/photo-1588731234159-8b9963143fca?auto=format&fit=crop&w=800&q=80,,Size,"XS, S, M, L, XL",1,1,Color,Vintage Off-White,1,1,Fabric,240 GSM Cotton,1,1
variation,AXD-MEN-GRP-ABS-XS,AXDORO Abstract Geometry Heavy Street Tee - Off-White - XS,1,0,visible,,,1,25,1399,1099,,,,AXD-MEN-GRP-ABS,Size,XS,0,1,Color,Vintage Off-White,0,1,Fabric,240 GSM Cotton,0,1
variation,AXD-MEN-GRP-ABS-S,AXDORO Abstract Geometry Heavy Street Tee - Off-White - S,1,0,visible,,,1,25,1399,1099,,,,AXD-MEN-GRP-ABS,Size,S,0,1,Color,Vintage Off-White,0,1,Fabric,240 GSM Cotton,0,1
variation,AXD-MEN-GRP-ABS-M,AXDORO Abstract Geometry Heavy Street Tee - Off-White - M,1,0,visible,,,1,25,1399,1099,,,,AXD-MEN-GRP-ABS,Size,M,0,1,Color,Vintage Off-White,0,1,Fabric,240 GSM Cotton,0,1
variation,AXD-MEN-GRP-ABS-L,AXDORO Abstract Geometry Heavy Street Tee - Off-White - L,1,0,visible,,,1,25,1399,1099,,,,AXD-MEN-GRP-ABS,Size,L,0,1,Color,Vintage Off-White,0,1,Fabric,240 GSM Cotton,0,1
variation,AXD-MEN-GRP-ABS-XL,AXDORO Abstract Geometry Heavy Street Tee - Off-White - XL,1,0,visible,,,1,25,1399,1099,,,,AXD-MEN-GRP-ABS,Size,XL,0,1,Color,Vintage Off-White,0,1,Fabric,240 GSM Cotton,0,1
variable,AXD-MEN-ACD-OLV,AXDORO Military Olive Acid Wash Street Tee - Olive Dust,1,1,visible,AXDORO Military Olive Acid Wash Street Tee - Olive Dust. Crafted from premium 240 GSM combed cotton with structured masculine drape.,"<p>AXDORO Military Olive Acid Wash Street Tee - Olive Dust. Crafted from premium 240 GSM combed cotton with structured masculine drape.</p><p>Crafted from substantial 240 GSM heavyweight cotton. Engineered with relaxed masculine drop-shoulder silhouette, reinforced ribbed collar, and durable double-needle stitching.</p><ul><li>Fabric: 240 GSM Cotton</li><li>Fit: Men's Relaxed Streetwear</li><li>Care: Machine wash cold, dry flat in shade</li></ul>",1,,1399,1099,"Men's T-Shirts, Acid & Vintage Wash","menswear, men's t-shirts, 240 gsm, oversized, heavyweight, sage olive",/images/men_olive_acid_tee.jpg,,Size,"S, M, L, XL, XXL",1,1,Color,Sage Olive,1,1,Fabric,240 GSM Cotton,1,1
variation,AXD-MEN-ACD-OLV-S,AXDORO Military Olive Acid Wash Street Tee - Olive Dust - S,1,0,visible,,,1,25,1399,1099,,,,AXD-MEN-ACD-OLV,Size,S,0,1,Color,Sage Olive,0,1,Fabric,240 GSM Cotton,0,1
variation,AXD-MEN-ACD-OLV-M,AXDORO Military Olive Acid Wash Street Tee - Olive Dust - M,1,0,visible,,,1,25,1399,1099,,,,AXD-MEN-ACD-OLV,Size,M,0,1,Color,Sage Olive,0,1,Fabric,240 GSM Cotton,0,1
variation,AXD-MEN-ACD-OLV-L,AXDORO Military Olive Acid Wash Street Tee - Olive Dust - L,1,0,visible,,,1,25,1399,1099,,,,AXD-MEN-ACD-OLV,Size,L,0,1,Color,Sage Olive,0,1,Fabric,240 GSM Cotton,0,1
variation,AXD-MEN-ACD-OLV-XL,AXDORO Military Olive Acid Wash Street Tee - Olive Dust - XL,1,0,visible,,,1,25,1399,1099,,,,AXD-MEN-ACD-OLV,Size,XL,0,1,Color,Sage Olive,0,1,Fabric,240 GSM Cotton,0,1
variation,AXD-MEN-ACD-OLV-XXL,AXDORO Military Olive Acid Wash Street Tee - Olive Dust - XXL,1,0,visible,,,1,25,1399,1099,,,,AXD-MEN-ACD-OLV,Size,XXL,0,1,Color,Sage Olive,0,1,Fabric,240 GSM Cotton,0,1
variable,AXD-MEN-STC-BLK,AXDORO Contrast Stitch Boxy Drop Tee - Black & Sand,1,0,visible,AXDORO Contrast Stitch Boxy Drop Tee - Black & Sand. Crafted from premium 240 GSM combed cotton with structured masculine drape.,"<p>AXDORO Contrast Stitch Boxy Drop Tee - Black & Sand. Crafted from premium 240 GSM combed cotton with structured masculine drape.</p><p>Crafted from substantial 240 GSM heavyweight cotton. Engineered with relaxed masculine drop-shoulder silhouette, reinforced ribbed collar, and durable double-needle stitching.</p><ul><li>Fabric: 240 GSM Cotton</li><li>Fit: Men's Relaxed Streetwear</li><li>Care: Machine wash cold, dry flat in shade</li></ul>",0,,1349,1049,"Men's T-Shirts, Oversized Tees","menswear, men's t-shirts, 240 gsm, oversized, heavyweight, jet black",https://images.unsplash.com/photo-1576871337622-98d48d1cf531?auto=format&fit=crop&w=800&q=80,,Size,"S, M, L, XL, XXL",1,1,Color,Jet Black,1,1,Fabric,240 GSM Cotton,1,1
variation,AXD-MEN-STC-BLK-S,AXDORO Contrast Stitch Boxy Drop Tee - Black & Sand - S,1,0,visible,,,0,0,1349,1049,,,,AXD-MEN-STC-BLK,Size,S,0,1,Color,Jet Black,0,1,Fabric,240 GSM Cotton,0,1
variation,AXD-MEN-STC-BLK-M,AXDORO Contrast Stitch Boxy Drop Tee - Black & Sand - M,1,0,visible,,,0,0,1349,1049,,,,AXD-MEN-STC-BLK,Size,M,0,1,Color,Jet Black,0,1,Fabric,240 GSM Cotton,0,1
variation,AXD-MEN-STC-BLK-L,AXDORO Contrast Stitch Boxy Drop Tee - Black & Sand - L,1,0,visible,,,0,0,1349,1049,,,,AXD-MEN-STC-BLK,Size,L,0,1,Color,Jet Black,0,1,Fabric,240 GSM Cotton,0,1
variation,AXD-MEN-STC-BLK-XL,AXDORO Contrast Stitch Boxy Drop Tee - Black & Sand - XL,1,0,visible,,,0,0,1349,1049,,,,AXD-MEN-STC-BLK,Size,XL,0,1,Color,Jet Black,0,1,Fabric,240 GSM Cotton,0,1
variation,AXD-MEN-STC-BLK-XXL,AXDORO Contrast Stitch Boxy Drop Tee - Black & Sand - XXL,1,0,visible,,,0,0,1349,1049,,,,AXD-MEN-STC-BLK,Size,XXL,0,1,Color,Jet Black,0,1,Fabric,240 GSM Cotton,0,1
variable,AXD-MEN-MIN-NVY,AXDORO Heavy Minimalist Drop-Shoulder Tee - Midnight Navy,1,0,visible,AXDORO Heavy Minimalist Drop-Shoulder Tee - Midnight Navy. Crafted from premium 240 GSM combed cotton with structured masculine drape.,"<p>AXDORO Heavy Minimalist Drop-Shoulder Tee - Midnight Navy. Crafted from premium 240 GSM combed cotton with structured masculine drape.</p><p>Crafted from substantial 240 GSM heavyweight cotton. Engineered with relaxed masculine drop-shoulder silhouette, reinforced ribbed collar, and durable double-needle stitching.</p><ul><li>Fabric: 240 GSM Cotton</li><li>Fit: Men's Relaxed Streetwear</li><li>Care: Machine wash cold, dry flat in shade</li></ul>",1,,1249,949,"Men's T-Shirts, Boxy Half Sleeve","menswear, men's t-shirts, 240 gsm, oversized, heavyweight, cobalt blue",/images/men_navy_tee.jpg,,Size,"S, M, L, XL, XXL",1,1,Color,Cobalt Blue,1,1,Fabric,240 GSM Cotton,1,1
variation,AXD-MEN-MIN-NVY-S,AXDORO Heavy Minimalist Drop-Shoulder Tee - Midnight Navy - S,1,0,visible,,,1,25,1249,949,,,,AXD-MEN-MIN-NVY,Size,S,0,1,Color,Cobalt Blue,0,1,Fabric,240 GSM Cotton,0,1
variation,AXD-MEN-MIN-NVY-M,AXDORO Heavy Minimalist Drop-Shoulder Tee - Midnight Navy - M,1,0,visible,,,1,25,1249,949,,,,AXD-MEN-MIN-NVY,Size,M,0,1,Color,Cobalt Blue,0,1,Fabric,240 GSM Cotton,0,1
variation,AXD-MEN-MIN-NVY-L,AXDORO Heavy Minimalist Drop-Shoulder Tee - Midnight Navy - L,1,0,visible,,,1,25,1249,949,,,,AXD-MEN-MIN-NVY,Size,L,0,1,Color,Cobalt Blue,0,1,Fabric,240 GSM Cotton,0,1
variation,AXD-MEN-MIN-NVY-XL,AXDORO Heavy Minimalist Drop-Shoulder Tee - Midnight Navy - XL,1,0,visible,,,1,25,1249,949,,,,AXD-MEN-MIN-NVY,Size,XL,0,1,Color,Cobalt Blue,0,1,Fabric,240 GSM Cotton,0,1
variation,AXD-MEN-MIN-NVY-XXL,AXDORO Heavy Minimalist Drop-Shoulder Tee - Midnight Navy - XXL,1,0,visible,,,1,25,1249,949,,,,AXD-MEN-MIN-NVY,Size,XXL,0,1,Color,Cobalt Blue,0,1,Fabric,240 GSM Cotton,0,1
variable,AXD-MEN-HLF-MUS,AXDORO Heavy Half Sleeve Relaxed Crewneck Tee - Warm Ochre,1,0,visible,AXDORO Heavy Half Sleeve Relaxed Crewneck Tee - Warm Ochre. Crafted from premium 240 GSM combed cotton with structured masculine drape.,"<p>AXDORO Heavy Half Sleeve Relaxed Crewneck Tee - Warm Ochre. Crafted from premium 240 GSM combed cotton with structured masculine drape.</p><p>Crafted from substantial 240 GSM heavyweight cotton. Engineered with relaxed masculine drop-shoulder silhouette, reinforced ribbed collar, and durable double-needle stitching.</p><ul><li>Fabric: 240 GSM Cotton</li><li>Fit: Men's Relaxed Streetwear</li><li>Care: Machine wash cold, dry flat in shade</li></ul>",1,,1199,899,"Men's T-Shirts, Boxy Half Sleeve","menswear, men's t-shirts, 240 gsm, oversized, heavyweight, terracotta",https://images.unsplash.com/photo-1562157873-818bc0726f68?auto=format&fit=crop&w=800&q=80,,Size,"M, L, XL",1,1,Color,Terracotta,1,1,Fabric,240 GSM Cotton,1,1
variation,AXD-MEN-HLF-MUS-M,AXDORO Heavy Half Sleeve Relaxed Crewneck Tee - Warm Ochre - M,1,0,visible,,,1,25,1199,899,,,,AXD-MEN-HLF-MUS,Size,M,0,1,Color,Terracotta,0,1,Fabric,240 GSM Cotton,0,1
variation,AXD-MEN-HLF-MUS-L,AXDORO Heavy Half Sleeve Relaxed Crewneck Tee - Warm Ochre - L,1,0,visible,,,1,25,1199,899,,,,AXD-MEN-HLF-MUS,Size,L,0,1,Color,Terracotta,0,1,Fabric,240 GSM Cotton,0,1
variation,AXD-MEN-HLF-MUS-XL,AXDORO Heavy Half Sleeve Relaxed Crewneck Tee - Warm Ochre - XL,1,0,visible,,,1,25,1199,899,,,,AXD-MEN-HLF-MUS,Size,XL,0,1,Color,Terracotta,0,1,Fabric,240 GSM Cotton,0,1
variable,AXD-MEN-GRP-MNL,AXDORO Monolith Architectural Graphic Tee - Anthracite,1,1,visible,AXDORO Monolith Architectural Graphic Tee - Anthracite. Crafted from premium 240 GSM combed cotton with structured masculine drape.,"<p>AXDORO Monolith Architectural Graphic Tee - Anthracite. Crafted from premium 240 GSM combed cotton with structured masculine drape.</p><p>Crafted from substantial 240 GSM heavyweight cotton. Engineered with relaxed masculine drop-shoulder silhouette, reinforced ribbed collar, and durable double-needle stitching.</p><ul><li>Fabric: 240 GSM Cotton</li><li>Fit: Men's Relaxed Streetwear</li><li>Care: Machine wash cold, dry flat in shade</li></ul>",1,,1499,1199,"Men's T-Shirts, Graphic & Back-Print","menswear, men's t-shirts, 240 gsm, oversized, heavyweight, charcoal grey",https://images.unsplash.com/photo-1503341455253-b2e723bb3dbb?auto=format&fit=crop&w=800&q=80,,Size,"S, M, L, XL, XXL",1,1,Color,Charcoal Grey,1,1,Fabric,240 GSM Cotton,1,1
variation,AXD-MEN-GRP-MNL-S,AXDORO Monolith Architectural Graphic Tee - Anthracite - S,1,0,visible,,,1,25,1499,1199,,,,AXD-MEN-GRP-MNL,Size,S,0,1,Color,Charcoal Grey,0,1,Fabric,240 GSM Cotton,0,1
variation,AXD-MEN-GRP-MNL-M,AXDORO Monolith Architectural Graphic Tee - Anthracite - M,1,0,visible,,,1,25,1499,1199,,,,AXD-MEN-GRP-MNL,Size,M,0,1,Color,Charcoal Grey,0,1,Fabric,240 GSM Cotton,0,1
variation,AXD-MEN-GRP-MNL-L,AXDORO Monolith Architectural Graphic Tee - Anthracite - L,1,0,visible,,,1,25,1499,1199,,,,AXD-MEN-GRP-MNL,Size,L,0,1,Color,Charcoal Grey,0,1,Fabric,240 GSM Cotton,0,1
variation,AXD-MEN-GRP-MNL-XL,AXDORO Monolith Architectural Graphic Tee - Anthracite - XL,1,0,visible,,,1,25,1499,1199,,,,AXD-MEN-GRP-MNL,Size,XL,0,1,Color,Charcoal Grey,0,1,Fabric,240 GSM Cotton,0,1
variation,AXD-MEN-GRP-MNL-XXL,AXDORO Monolith Architectural Graphic Tee - Anthracite - XXL,1,0,visible,,,1,25,1499,1199,,,,AXD-MEN-GRP-MNL,Size,XXL,0,1,Color,Charcoal Grey,0,1,Fabric,240 GSM Cotton,0,1
variable,AXD-MEN-COR-CHR,AXDORO Core Heavyweight Everyday Tee - Charcoal Heather,1,1,visible,AXDORO Core Heavyweight Everyday Tee - Charcoal Heather. Crafted from premium 240 GSM combed cotton with structured masculine drape.,"<p>AXDORO Core Heavyweight Everyday Tee - Charcoal Heather. Crafted from premium 240 GSM combed cotton with structured masculine drape.</p><p>Crafted from substantial 240 GSM heavyweight cotton. Engineered with relaxed masculine drop-shoulder silhouette, reinforced ribbed collar, and durable double-needle stitching.</p><ul><li>Fabric: 240 GSM Cotton</li><li>Fit: Men's Relaxed Streetwear</li><li>Care: Machine wash cold, dry flat in shade</li></ul>",1,,1199,899,"Men's T-Shirts, Heavy Plain & Pocket","menswear, men's t-shirts, 240 gsm, oversized, heavyweight, charcoal grey",https://images.unsplash.com/photo-1496345875659-11f7dd282d1d?auto=format&fit=crop&w=800&q=80,,Size,"XS, S, M, L, XL, XXL",1,1,Color,Charcoal Grey,1,1,Fabric,240 GSM Cotton,1,1
variation,AXD-MEN-COR-CHR-XS,AXDORO Core Heavyweight Everyday Tee - Charcoal Heather - XS,1,0,visible,,,1,25,1199,899,,,,AXD-MEN-COR-CHR,Size,XS,0,1,Color,Charcoal Grey,0,1,Fabric,240 GSM Cotton,0,1
variation,AXD-MEN-COR-CHR-S,AXDORO Core Heavyweight Everyday Tee - Charcoal Heather - S,1,0,visible,,,1,25,1199,899,,,,AXD-MEN-COR-CHR,Size,S,0,1,Color,Charcoal Grey,0,1,Fabric,240 GSM Cotton,0,1
variation,AXD-MEN-COR-CHR-M,AXDORO Core Heavyweight Everyday Tee - Charcoal Heather - M,1,0,visible,,,1,25,1199,899,,,,AXD-MEN-COR-CHR,Size,M,0,1,Color,Charcoal Grey,0,1,Fabric,240 GSM Cotton,0,1
variation,AXD-MEN-COR-CHR-L,AXDORO Core Heavyweight Everyday Tee - Charcoal Heather - L,1,0,visible,,,1,25,1199,899,,,,AXD-MEN-COR-CHR,Size,L,0,1,Color,Charcoal Grey,0,1,Fabric,240 GSM Cotton,0,1
variation,AXD-MEN-COR-CHR-XL,AXDORO Core Heavyweight Everyday Tee - Charcoal Heather - XL,1,0,visible,,,1,25,1199,899,,,,AXD-MEN-COR-CHR,Size,XL,0,1,Color,Charcoal Grey,0,1,Fabric,240 GSM Cotton,0,1
variation,AXD-MEN-COR-CHR-XXL,AXDORO Core Heavyweight Everyday Tee - Charcoal Heather - XXL,1,0,visible,,,1,25,1199,899,,,,AXD-MEN-COR-CHR,Size,XXL,0,1,Color,Charcoal Grey,0,1,Fabric,240 GSM Cotton,0,1
variable,AXD-MEN-OVR-WHT2,AXDORO Heavy Structured Essential Crewneck Tee - Crisp White,1,0,visible,AXDORO Heavy Structured Essential Crewneck Tee - Crisp White. Crafted from premium 240 GSM combed cotton with structured masculine drape.,"<p>AXDORO Heavy Structured Essential Crewneck Tee - Crisp White. Crafted from premium 240 GSM combed cotton with structured masculine drape.</p><p>Crafted from substantial 240 GSM heavyweight cotton. Engineered with relaxed masculine drop-shoulder silhouette, reinforced ribbed collar, and durable double-needle stitching.</p><ul><li>Fabric: 240 GSM Cotton</li><li>Fit: Men's Relaxed Streetwear</li><li>Care: Machine wash cold, dry flat in shade</li></ul>",1,,1249,949,"Men's T-Shirts, Heavy Plain & Pocket","menswear, men's t-shirts, 240 gsm, oversized, heavyweight, vintage off-white",https://images.unsplash.com/photo-1581655353564-df123a1eb820?auto=format&fit=crop&w=800&q=80,,Size,"S, M, L, XL, XXL",1,1,Color,Vintage Off-White,1,1,Fabric,240 GSM Cotton,1,1
variation,AXD-MEN-OVR-WHT2-S,AXDORO Heavy Structured Essential Crewneck Tee - Crisp White - S,1,0,visible,,,1,25,1249,949,,,,AXD-MEN-OVR-WHT2,Size,S,0,1,Color,Vintage Off-White,0,1,Fabric,240 GSM Cotton,0,1
variation,AXD-MEN-OVR-WHT2-M,AXDORO Heavy Structured Essential Crewneck Tee - Crisp White - M,1,0,visible,,,1,25,1249,949,,,,AXD-MEN-OVR-WHT2,Size,M,0,1,Color,Vintage Off-White,0,1,Fabric,240 GSM Cotton,0,1
variation,AXD-MEN-OVR-WHT2-L,AXDORO Heavy Structured Essential Crewneck Tee - Crisp White - L,1,0,visible,,,1,25,1249,949,,,,AXD-MEN-OVR-WHT2,Size,L,0,1,Color,Vintage Off-White,0,1,Fabric,240 GSM Cotton,0,1
variation,AXD-MEN-OVR-WHT2-XL,AXDORO Heavy Structured Essential Crewneck Tee - Crisp White - XL,1,0,visible,,,1,25,1249,949,,,,AXD-MEN-OVR-WHT2,Size,XL,0,1,Color,Vintage Off-White,0,1,Fabric,240 GSM Cotton,0,1
variation,AXD-MEN-OVR-WHT2-XXL,AXDORO Heavy Structured Essential Crewneck Tee - Crisp White - XXL,1,0,visible,,,1,25,1249,949,,,,AXD-MEN-OVR-WHT2,Size,XXL,0,1,Color,Vintage Off-White,0,1,Fabric,240 GSM Cotton,0,1